id,name,code_id,rec_type,scene_type,use_type,full_cut_price,price,start_time,expire_time,status,user_id,is_pop,create_time,use_time,grantId,merchant_id,extract_time
1,优惠券_30004,30004,1,0,0,113.28,45.65,2026-08-11 13:34:43,2026-10-10 13:34:43,1,10003,0,2026-08-11 13:34:43,,1,1,2026-08-11 13:34:43
2,优惠券_30015,30015,1,0,0,32.28,14.7,2026-08-13 05:02:49,2026-08-20 05:02:49,1,10010,0,2026-08-13 05:02:49,,1,2,2026-08-13 05:02:49
3,优惠券_30010,30010,3,0,0,44.62,15.73,2026-08-09 19:21:49,2026-08-24 19:21:49,1,10010,0,2026-08-09 19:21:49,,1,5,2026-08-09 19:21:49
4,优惠券_30007,30007,3,0,0,87.58,30.22,2026-07-07 12:30:48,2026-09-05 12:30:48,1,10014,0,2026-07-07 12:30:48,,1,3,2026-07-07 12:30:48
5,优惠券_30007,30007,3,0,0,129.24,28.19,2026-04-23 02:05:59,2026-05-08 02:05:59,1,10015,0,2026-04-23 02:05:59,,1,1,2026-04-23 02:05:59
6,优惠券_30012,30012,3,0,0,134.35,45.8,2026-06-05 15:14:17,2026-08-04 15:14:17,1,10016,0,2026-06-05 15:14:17,,1,4,2026-06-05 15:14:17
7,优惠券_30018,30018,3,0,0,44.24,49.68,2026-03-14 15:30:17,2026-03-29 15:30:17,1,10016,0,2026-03-14 15:30:17,,1,4,2026-03-14 15:30:17
8,优惠券_30015,30015,1,0,0,104.14,35.0,2026-02-21 00:02:13,2026-03-23 00:02:13,1,10018,0,2026-02-21 00:02:13,,1,5,2026-02-21 00:02:13
9,优惠券_30016,30016,1,0,0,93.87,23.51,2026-06-16 04:12:13,2026-06-23 04:12:13,1,10018,0,2026-06-16 04:12:13,,1,1,2026-06-16 04:12:13
10,优惠券_30012,30012,3,0,0,52.29,31.36,2026-07-13 01:29:12,2026-09-11 01:29:12,1,10019,0,2026-07-13 01:29:12,,1,4,2026-07-13 01:29:12
11,优惠券_30010,30010,1,0,0,39.84,11.94,2026-05-27 06:54:12,2026-06-11 06:54:12,1,10019,0,2026-05-27 06:54:12,,1,2,2026-05-27 06:54:12
12,优惠券_30008,30008,3,0,0,63.64,40.36,2026-07-31 07:56:08,2026-08-30 07:56:08,1,10020,0,2026-07-31 07:56:08,,1,3,2026-07-31 07:56:08
13,优惠券_30019,30019,1,0,0,144.36,25.77,2026-07-19 07:18:08,2026-08-03 07:18:08,1,10020,0,2026-07-19 07:18:08,,1,2,2026-07-19 07:18:08
14,优惠券_30014,30014,1,0,0,118.49,44.74,2026-08-07 06:30:24,2026-10-06 06:30:24,1,10021,0,2026-08-07 06:30:24,,1,4,2026-08-07 06:30:24
15,优惠券_30009,30009,1,0,0,145.53,40.36,2026-08-03 23:59:20,2026-08-10 23:59:20,1,10022,0,2026-08-03 23:59:20,,1,1,2026-08-03 23:59:20
16,优惠券_30005,30005,1,0,0,115.37,42.28,2026-07-30 07:18:20,2026-08-14 07:18:20,1,10022,0,2026-07-30 07:18:20,,1,4,2026-07-30 07:18:20
17,优惠券_30013,30013,1,0,0,124.06,40.72,2026-07-30 06:56:59,2026-08-29 06:56:59,1,10023,0,2026-07-30 06:56:59,,1,2,2026-07-30 06:56:59
18,优惠券_30012,30012,1,0,0,130.4,41.47,2026-08-03 04:48:10,2026-08-18 04:48:10,1,10027,0,2026-08-03 04:48:10,,1,4,2026-08-03 04:48:10
19,优惠券_30002,30002,1,0,0,57.91,14.85,2026-07-25 06:34:10,2026-08-01 06:34:10,1,10027,0,2026-07-25 06:34:10,,1,5,2026-07-25 06:34:10
20,优惠券_30013,30013,1,0,0,83.49,16.85,2026-02-13 06:06:56,2026-03-15 06:06:56,1,10029,0,2026-02-13 06:06:56,,1,4,2026-02-13 06:06:56
21,优惠券_30011,30011,3,0,0,63.64,27.12,2026-05-22 02:36:03,2026-06-21 02:36:03,1,10030,0,2026-05-22 02:36:03,,1,1,2026-05-22 02:36:03
22,优惠券_30013,30013,3,0,0,60.24,26.0,2026-03-27 11:10:58,2026-04-26 11:10:58,1,10031,0,2026-03-27 11:10:58,,1,5,2026-03-27 11:10:58
23,优惠券_30019,30019,1,0,0,91.38,34.81,2026-06-05 13:38:58,2026-06-12 13:38:58,1,10031,0,2026-06-05 13:38:58,,1,3,2026-06-05 13:38:58
24,优惠券_30004,30004,1,0,0,81.42,30.05,2026-08-05 17:51:53,2026-10-04 17:51:53,1,10036,0,2026-08-05 17:51:53,,1,2,2026-08-05 17:51:53
25,优惠券_30015,30015,3,0,0,67.97,22.53,2026-07-06 22:13:59,2026-09-04 22:13:59,1,10037,0,2026-07-06 22:13:59,,1,1,2026-07-06 22:13:59
26,优惠券_30013,30013,1,0,0,92.13,38.16,2026-06-12 03:33:30,2026-08-11 03:33:30,1,10041,0,2026-06-12 03:33:30,,1,1,2026-06-12 03:33:30
27,优惠券_30018,30018,3,0,0,52.77,13.4,2026-07-11 04:11:39,2026-08-10 04:11:39,1,10047,0,2026-07-11 04:11:39,,1,3,2026-07-11 04:11:39
28,优惠券_30009,30009,1,0,0,93.74,25.22,2026-06-20 04:12:39,2026-07-05 04:12:39,1,10047,0,2026-06-20 04:12:39,,1,3,2026-06-20 04:12:39
29,优惠券_30001,30001,1,0,0,60.65,7.7,2026-07-03 14:12:48,2026-09-01 14:12:48,1,10050,0,2026-07-03 14:12:48,,1,2,2026-07-03 14:12:48
30,优惠券_30002,30002,1,0,0,37.99,34.72,2026-08-07 11:45:48,2026-10-06 11:45:48,1,10050,0,2026-08-07 11:45:48,,1,3,2026-08-07 11:45:48
31,优惠券_30015,30015,1,0,0,44.11,10.92,2026-06-05 11:00:56,2026-07-05 11:00:56,1,10053,0,2026-06-05 11:00:56,,1,2,2026-06-05 11:00:56
32,优惠券_30009,30009,3,0,0,89.72,27.44,2026-04-13 16:29:56,2026-04-20 16:29:56,1,10053,0,2026-04-13 16:29:56,,1,1,2026-04-13 16:29:56
33,优惠券_30006,30006,1,0,0,31.83,33.03,2026-06-14 05:00:58,2026-07-14 05:00:58,1,10055,0,2026-06-14 05:00:58,,1,5,2026-06-14 05:00:58
34,优惠券_30002,30002,1,0,0,84.74,12.68,2026-02-09 05:53:39,2026-03-11 05:53:39,1,10060,0,2026-02-09 05:53:39,,1,5,2026-02-09 05:53:39
35,优惠券_30004,30004,3,0,0,101.4,32.7,2026-02-16 17:05:39,2026-02-23 17:05:39,1,10060,0,2026-02-16 17:05:39,,1,1,2026-02-16 17:05:39
36,优惠券_30001,30001,3,0,0,137.21,19.98,2026-07-06 11:46:12,2026-07-13 11:46:12,1,10062,0,2026-07-06 11:46:12,,1,1,2026-07-06 11:46:12
37,优惠券_30009,30009,1,0,0,104.45,20.11,2026-07-01 08:05:12,2026-07-16 08:05:12,1,10062,0,2026-07-01 08:05:12,,1,1,2026-07-01 08:05:12
38,优惠券_30015,30015,1,0,0,126.68,48.67,2026-07-08 03:24:42,2026-08-07 03:24:42,1,10066,0,2026-07-08 03:24:42,,1,4,2026-07-08 03:24:42
39,优惠券_30019,30019,1,0,0,54.93,26.36,2026-07-04 18:51:42,2026-07-11 18:51:42,1,10066,0,2026-07-04 18:51:42,,1,5,2026-07-04 18:51:42
40,优惠券_30014,30014,1,0,0,88.84,21.86,2026-07-05 10:44:31,2026-08-04 10:44:31,1,10073,0,2026-07-05 10:44:31,,1,1,2026-07-05 10:44:31
41,优惠券_30017,30017,3,0,0,80.52,37.61,2026-06-09 19:36:36,2026-07-09 19:36:36,1,10085,0,2026-06-09 19:36:36,,1,4,2026-06-09 19:36:36
42,优惠券_30005,30005,3,0,0,83.34,20.82,2026-08-12 07:03:06,2026-08-19 07:03:06,1,10087,0,2026-08-12 07:03:06,,1,5,2026-08-12 07:03:06
43,优惠券_30009,30009,1,0,0,51.55,15.52,2026-08-16 06:18:06,2026-10-15 06:18:06,1,10087,0,2026-08-16 06:18:06,,1,1,2026-08-16 06:18:06
44,优惠券_30007,30007,1,0,0,67.17,41.81,2026-08-06 22:57:37,2026-08-21 22:57:37,1,10089,0,2026-08-06 22:57:37,,1,4,2026-08-06 22:57:37
45,优惠券_30002,30002,1,0,0,92.68,5.33,2026-08-04 12:27:19,2026-08-11 12:27:19,1,10094,0,2026-08-04 12:27:19,,1,5,2026-08-04 12:27:19
46,优惠券_30016,30016,3,0,0,102.52,20.14,2026-07-16 14:54:19,2026-09-14 14:54:19,1,10094,0,2026-07-16 14:54:19,,1,3,2026-07-16 14:54:19
47,优惠券_30003,30003,1,0,0,145.88,45.39,2026-07-01 03:32:35,2026-07-08 03:32:35,1,10096,0,2026-07-01 03:32:35,,1,2,2026-07-01 03:32:35
48,优惠券_30014,30014,1,0,0,49.24,13.95,2026-05-14 04:35:23,2026-06-13 04:35:23,1,10099,0,2026-05-14 04:35:23,,1,4,2026-05-14 04:35:23
49,优惠券_30016,30016,1,0,0,81.71,16.35,2026-06-21 05:26:07,2026-07-21 05:26:07,1,10100,0,2026-06-21 05:26:07,,1,4,2026-06-21 05:26:07
50,优惠券_30004,30004,1,0,0,111.96,39.67,2026-06-26 07:27:07,2026-07-03 07:27:07,1,10100,0,2026-06-26 07:27:07,,1,2,2026-06-26 07:27:07
51,优惠券_30002,30002,3,0,0,42.31,44.89,2026-08-10 23:14:37,2026-08-17 23:14:37,1,10103,0,2026-08-10 23:14:37,,1,4,2026-08-10 23:14:37
52,优惠券_30005,30005,1,0,0,139.36,21.24,2026-04-16 11:13:56,2026-04-23 11:13:56,1,10104,0,2026-04-16 11:13:56,,1,2,2026-04-16 11:13:56
53,优惠券_30018,30018,1,0,0,55.29,15.11,2026-04-07 09:52:56,2026-06-06 09:52:56,1,10104,0,2026-04-07 09:52:56,,1,2,2026-04-07 09:52:56
54,优惠券_30008,30008,1,0,0,122.26,12.25,2026-05-15 05:06:09,2026-05-30 05:06:09,1,10105,0,2026-05-15 05:06:09,,1,5,2026-05-15 05:06:09
55,优惠券_30017,30017,3,0,0,124.24,20.26,2026-07-10 06:39:09,2026-08-09 06:39:09,1,10105,0,2026-07-10 06:39:09,,1,3,2026-07-10 06:39:09
